,Mean,2.5th Percentile,97.5th Percentile
AUC,0.61359877547612,0.5700476723697412,0.660449298886458
F1-Score,0.3210892661645889,0.2631358618900769,0.37613346855983776
Accuracy,0.5044274809160306,0.4671374045801527,0.5389312977099237
Balanced Accuracy,0.545409936427074,0.5140328325759113,0.5712532141349669
MCC,0.11995458563988773,0.037854228017898305,0.18960491424542186
Brier Score,0.3577302727103233,0.334250033646822,0.3800621174275875
