,Mean,2.5th Percentile,97.5th Percentile
F1-Score,0.493208152468899,0.4478476216616499,0.5431700960659929
Accuracy,0.5579774859287056,0.5178236397748592,0.5966228893058161
Balanced Accuracy,0.5580329905838639,0.5289484146743603,0.5883623987523827
MCC,0.1658830540874028,0.08582525417062531,0.2467025694917083
Brier Score,0.3157106575965881,0.2886787824332714,0.34209356233477595
